DateReceived,DateOfSignedLetter
2016-01-06,2016-02-05
2016-01-20,2016-02-05
2016-01-26,2016-05-13
2016-01-21,2016-02-03
2016-02-02,2016-02-23
2016-02-03,2016-02-17
2016-02-05,2016-03-10
2016-02-08,2016-03-08
2016-01-11,2016-02-29
2016-02-08,2016-03-10
2016-03-08,2016-03-22
2016-02-25,2016-03-09
2016-03-27,2016-04-05
2016-03-31,2016-04-05
2016-04-04,2016-04-19
2016-04-06,2016-04-13
2016-04-07,2016-04-25
2016-04-08,2016-04-25
2016-05-06,2016-05-13
2016-05-23,2016-06-16
2016-06-07,2016-06-16
2016-06-08,2016-06-20
2016-06-09,2016-06-23
2016-05-25,2016-05-28
2016-06-24,2016-06-30
2016-07-05,2016-09-05
2016-07-05,2016-07-13
2016-07-20,2016-08-01
2016-08-16,2016-09-05
2016-09-23,2016-10-28
2016-11-18,2016-11-22
2016-10-20,2016-11-01
2016-11-21,2016-12-06
2016-11-23,2016-12-21
2016-11-29,2016-12-14
2016-01-08,2016-02-17
2016-12-22,2017-02-02
2016-06-01,NRN
2016-01-27,NRN
2016-01-27,NRN
2016-01-29,NRN
2016-01-29,NRN
2016-02-01,NRN
2016-02-01,NRN
2016-02-02,NRN
2016-02-09,NRN
2016-02-09,NRN
2016-03-01,NRN
2016-03-07,NRN
2016-04-15,NRN
2016-04-19,NRN
2016-04-27,NRN
2016-04-28,NRN
2016-05-04,NRN
2016-05-04,NRN
2016-05-04,NRN
2016-05-06,NRN
2016-05-06,NRN
2016-05-06,NRN
2016-05-06,NRN
2016-05-06,NRN
2016-05-09,NRN
2016-05-11,NRN
2016-05-10,NRN
2016-05-09,NRN
2016-05-16,NRN
2016-05-17,NRN
2016-05-24,NRN
2016-06-21,NRN
2016-06-29,NRN
2016-06-29,NRN
2016-06-29,NRN
2016-06-30,NRN
2016-07-06,NRN
2016-07-11,NRN
2016-07-14,NRN
2016-07-18,NRN
2016-07-19,NRN
2016-07-28,NRN
2016-08-22,NRN
2016-08-26,NRN
2016-09-07,NRN
2016-09-21,NRN
2016-10-26,NRN
2016-11-11,NRN
2016-11-11,NRN
2016-12-06,NRN
2016-12-06,NRN
2016-12-21,NRN
2016-01-26,NRN
2016-06-27,2016-07-01
2016-07-29,
2016-12-21,
